,mae,srcc,plcc,p-val,best2,best4,epoch,path json,path py
0,4.131799697875977,0.9328629374504089,0.9384597539901733,0.00000,0.931620180606842,0.9296903610229492,20,Tres_zkoniq10k_922265847976975003.json,zkoniq10k_org_best_v2_1_lr1.py
