{
  "init_data": {
    "start_file_path": "/home/mrpaw/Documents/Projects/Python/PytorchTestRocm/magisterka/eval_bid.py",
    "model_class_name": "Tres",
    "version": 0,
    "seed": 0,
    "eval_repeats": 50,
    "eval_every_epoch": 10,
    "dataset": "bid",
    "dataset_normalized": false,
    "batch_size": 16,
    "epoch_count": 150,
    "loss_fn": "MAExDynamicMarginRankingLoss",
    "loss_weights": {
      "w_mae": 1,
      "w_dmrl": 1,
      "dmrl_alpha": 2,
      "dmrl_sort": true
    },
    "save_model": true,
    "optimizer": "Adam",
    "lr": 1e-05,
    "weight_decay": 0.0001,
    "optimiezr_opts": {},
    "lr_scheluder": {
      "name": "StepLR",
      "step_size": 50,
      "gamma": 0.1
    },
    "train_transform": "default",
    "test_transform": "default",
    "freeze_cnn_for_epochs": 0,
    "cnn_model": "convnext_tiny",
    "mhsa_dropout": 0.1,
    "ffn_dropout": 0.1,
    "fc_last_dropout": 0,
    "fc_trans_dropout": 0,
    "ffn_extraDropout": true,
    "extraNormalizeAfterTrans": false,
    "ffn_size": 64,
    "num_trans_encoders": 2,
    "init_xavier": true,
    "normalize_pos_encode": true,
    "normalize_before": true,
    "mhsa_add_pose_everyLayer": true,
    "one_more_linear": false,
    "l2_pool_paper": true,
    "optimizerStepEvery": 2
  },
  "best_model_path": "/home/mrpaw/Documents/Projects/Python/PytorchTestRocm/magisterka/checkpoints/Tres_bid_512479586579847839_best.pth",
  "last_model_path": "/home/mrpaw/Documents/Projects/Python/PytorchTestRocm/magisterka/checkpoints/Tres_bid_512479586579847839_last.pth",
  "merged_model_path": "",
  "test_loss": [],
  "test_plcc": [],
  "test_srcc": [],
  "test_mae": [],
  "train_loss": [
    2.4748910506566366
  ],
  "train_plcc": [
    0.009817522019147873
  ],
  "train_srcc": [
    0.045838892459869385
  ],
  "train_mae": [
    1.291810393333435
  ],
  "eval_plcc": [
    0.3821870982646942
  ],
  "eval_srcc": [
    0.3947315812110901
  ],
  "eval_mae": [
    1.0345816612243652
  ],
  "eval_preds": [
    [
      2.973085880279541,
      2.93829345703125,
      2.955897331237793,
      3.009347438812256,
      2.972487449645996,
      2.9967150688171387,
      3.086768388748169,
      3.063617467880249,
      3.0604770183563232,
      3.047572374343872,
      2.999638557434082,
      3.0629682540893555,
      3.0035903453826904,
      2.9261515140533447,
      2.9818332195281982,
      2.9947879314422607,
      3.0472452640533447,
      3.0488321781158447,
      2.9941039085388184,
      3.0429282188415527,
      3.112041711807251,
      3.091420888900757,
      2.9766340255737305,
      3.0532872676849365,
      3.0227489471435547,
      3.0448665618896484,
      3.053840398788452,
      3.0542800426483154,
      3.071261405944824,
      2.949613571166992,
      3.0739943981170654,
      2.9812893867492676,
      3.0623412132263184,
      2.9783926010131836,
      2.9847357273101807,
      3.03204345703125,
      2.9547348022460938,
      2.9376299381256104,
      3.0273730754852295,
      2.9702565670013428,
      3.0340986251831055,
      3.056411027908325,
      2.991382360458374,
      3.022510290145874,
      2.980217933654785,
      2.9818201065063477,
      3.0177927017211914,
      3.069417953491211,
      2.969912052154541,
      3.0275979042053223,
      3.081662654876709,
      3.115812301635742,
      3.0207016468048096,
      3.098769187927246,
      3.0274264812469482,
      3.052905321121216,
      3.036325693130493,
      3.135960578918457,
      3.0606601238250732,
      3.008507490158081,
      3.0832831859588623,
      3.062817096710205,
      3.0020313262939453,
      2.959573984146118,
      3.052122116088867,
      2.9611949920654297,
      2.9791371822357178,
      2.999345064163208,
      3.0081207752227783,
      3.004354953765869,
      3.0198986530303955,
      2.9779140949249268,
      2.9663257598876953,
      3.082399368286133,
      3.021871328353882,
      3.0035736560821533,
      3.006103754043579,
      3.0227468013763428,
      3.0173416137695312,
      3.069209098815918,
      3.042581796646118,
      3.0074429512023926,
      3.0704598426818848,
      3.016526222229004,
      3.0565807819366455,
      3.0561306476593018,
      2.9499709606170654,
      2.9562036991119385,
      3.0605053901672363,
      3.0019805431365967,
      3.0323290824890137,
      3.0729382038116455,
      3.06536865234375,
      2.9630794525146484,
      3.0742881298065186,
      3.0402534008026123,
      3.0346930027008057,
      2.9670965671539307,
      3.005284309387207,
      2.9633171558380127,
      3.040788173675537,
      3.019242763519287,
      2.9863011837005615,
      3.1127817630767822,
      2.9863803386688232,
      3.031085252761841,
      2.9897449016571045,
      3.0236847400665283,
      3.0711069107055664,
      3.0414819717407227,
      3.009197473526001,
      3.045459032058716,
      3.0019516944885254,
      2.9366533756256104,
      3.0614774227142334,
      3.0940558910369873,
      3.0168371200561523,
      2.9810543060302734
    ]
  ],
  "eval_epoch": [
    0
  ]
}