dataset,mae
live,5.159658336639405
cisq,0.07107179686427116
tid2013,0.39127548336982726
kadid10k,0.3321802943944931
clive,7.055219316482544
bid,0.42975795865058897
koniq10k,4.133880019187927

